<?xml version="1.0" encoding="UTF-8"?>
<PeakList>
  <PeakList1D>
    <PeakList1DHeader creator="jtreacy" date="2024-07-06T18:47:58.460-07:00" expNo="22" name="BT-4-106" owner="" procNo="1" source="/opt/data/jtreacy">
      <PeakPickDetails>F1=147.898697ppm, F2=-247.898636ppm, MI=0.00cm, MAXI=10000.00cm, PC=1.400
      </PeakPickDetails>
    </PeakList1DHeader>
    <Peak1D F1="47.752270" intensity="1.400341e+01" type="0"/>
    <Peak1D F1="47.519161" intensity="1.500000e+01" type="0"/>
  </PeakList1D>
</PeakList>
