<?xml version="1.0" encoding="UTF-8"?>
<PeakList>
  <PeakList1D>
    <PeakList1DHeader creator="jtreacy" date="2024-07-06T18:38:22.339-07:00" expNo="20" name="BT-4-106" owner="" procNo="1" source="/opt/data/jtreacy">
      <PeakPickDetails>F1=15.973840ppm, F2=-3.863130ppm, MI=0.10cm, MAXI=10000.00cm, PC=1.000
      </PeakPickDetails>
    </PeakList1DHeader>
    <Peak1D F1="7.601377" intensity="3.881581e-01" type="0"/>
    <Peak1D F1="7.588084" intensity="4.568017e-01" type="0"/>
    <Peak1D F1="7.581296" intensity="4.479831e-01" type="0"/>
    <Peak1D F1="7.568243" intensity="4.457360e-01" type="0"/>
    <Peak1D F1="7.457020" intensity="4.506204e-01" type="0"/>
    <Peak1D F1="7.443675" intensity="9.203877e-01" type="0"/>
    <Peak1D F1="7.431356" intensity="5.988957e-01" type="0"/>
    <Peak1D F1="7.332291" intensity="6.287617e-01" type="0"/>
    <Peak1D F1="7.325203" intensity="6.698151e-01" type="0"/>
    <Peak1D F1="7.318989" intensity="5.669335e-01" type="0"/>
    <Peak1D F1="7.311884" intensity="5.259592e-01" type="0"/>
    <Peak1D F1="7.095102" intensity="5.689740e-01" type="0"/>
    <Peak1D F1="7.082623" intensity="1.018075e+00" type="0"/>
    <Peak1D F1="7.070254" intensity="5.091193e-01" type="0"/>
    <Peak1D F1="5.239794" intensity="1.554747e+01" type="0"/>
    <Peak1D F1="3.785462" intensity="2.697768e+00" type="0"/>
    <Peak1D F1="3.773635" intensity="5.081951e+00" type="0"/>
    <Peak1D F1="3.761867" intensity="2.812617e+00" type="0"/>
    <Peak1D F1="2.383773" intensity="2.661461e-01" type="0"/>
    <Peak1D F1="2.369520" intensity="7.024562e-01" type="0"/>
    <Peak1D F1="2.351098" intensity="7.373188e-01" type="0"/>
    <Peak1D F1="2.331774" intensity="2.843415e-01" type="0"/>
    <Peak1D F1="2.245004" intensity="3.884140e-01" type="0"/>
    <Peak1D F1="2.233187" intensity="1.336212e+00" type="0"/>
    <Peak1D F1="2.221351" intensity="1.863541e+00" type="0"/>
    <Peak1D F1="2.209564" intensity="1.308966e+00" type="0"/>
    <Peak1D F1="2.197823" intensity="3.630348e-01" type="0"/>
    <Peak1D F1="2.058146" intensity="7.151027e-01" type="0"/>
    <Peak1D F1="2.038862" intensity="8.001150e-01" type="0"/>
    <Peak1D F1="1.921935" intensity="4.111636e-01" type="0"/>
    <Peak1D F1="1.801938" intensity="7.913886e-01" type="0"/>
    <Peak1D F1="1.778678" intensity="9.005927e-01" type="0"/>
    <Peak1D F1="1.637878" intensity="1.009651e+00" type="0"/>
    <Peak1D F1="1.594881" intensity="9.909165e-01" type="0"/>
    <Peak1D F1="1.580984" intensity="8.125931e-01" type="0"/>
    <Peak1D F1="1.521343" intensity="2.196730e-01" type="0"/>
    <Peak1D F1="1.515543" intensity="2.333482e-01" type="0"/>
    <Peak1D F1="1.508498" intensity="2.612809e-01" type="0"/>
    <Peak1D F1="1.500555" intensity="6.383171e-01" type="0"/>
    <Peak1D F1="1.494512" intensity="5.883893e-01" type="0"/>
    <Peak1D F1="1.487373" intensity="6.410593e-01" type="0"/>
    <Peak1D F1="1.480264" intensity="9.417218e-01" type="0"/>
    <Peak1D F1="1.473570" intensity="7.657675e-01" type="0"/>
    <Peak1D F1="1.454087" intensity="1.500000e+01" type="0"/>
    <Peak1D F1="1.398095" intensity="9.698439e-01" type="0"/>
    <Peak1D F1="1.327804" intensity="3.307228e-01" type="0"/>
    <Peak1D F1="1.306992" intensity="7.689308e-01" type="0"/>
    <Peak1D F1="1.285814" intensity="7.734665e-01" type="0"/>
    <Peak1D F1="1.264536" intensity="3.315985e-01" type="0"/>
    <Peak1D F1="1.210552" intensity="5.331145e-01" type="0"/>
    <Peak1D F1="1.182799" intensity="1.561182e+00" type="0"/>
    <Peak1D F1="1.169894" intensity="2.040042e+00" type="0"/>
    <Peak1D F1="1.152861" intensity="1.775188e+00" type="0"/>
    <Peak1D F1="-0.000154" intensity="1.029938e+01" type="0"/>
  </PeakList1D>
</PeakList>
