<?xml version="1.0" encoding="UTF-8"?>
<PeakList>
  <PeakList1D>
    <PeakList1DHeader creator="jtreacy" date="2024-07-06T15:12:23.377-07:00" expNo="11" name="BT-4-97_MoreSample" owner="" procNo="1" source="/opt/data/jtreacy">
      <PeakPickDetails>F1=218.335403ppm, F2=-18.335379ppm, MI=0.00cm, MAXI=10000.00cm, PC=1.400
      </PeakPickDetails>
    </PeakList1DHeader>
    <Peak1D F1="149.410797" intensity="2.317280e+00" type="0"/>
    <Peak1D F1="134.058060" intensity="6.514642e+00" type="0"/>
    <Peak1D F1="127.737610" intensity="6.668416e+00" type="0"/>
    <Peak1D F1="120.152649" intensity="6.961122e+00" type="0"/>
    <Peak1D F1="114.776741" intensity="6.888447e+00" type="0"/>
    <Peak1D F1="108.701561" intensity="2.747883e+00" type="0"/>
    <Peak1D F1="77.252190" intensity="3.645790e+01" type="0"/>
    <Peak1D F1="77.040550" intensity="3.693220e+01" type="0"/>
    <Peak1D F1="76.828781" intensity="3.639582e+01" type="0"/>
    <Peak1D F1="54.222023" intensity="1.500000e+01" type="0"/>
    <Peak1D F1="16.845379" intensity="7.020668e+00" type="0"/>
  </PeakList1D>
</PeakList>
