<?xml version="1.0" encoding="UTF-8"?>
<PeakList>
  <PeakList1D>
    <PeakList1DHeader creator="jtreacy" date="2024-03-19T20:49:14.991-07:00" expNo="10" name="BT-4-111" owner="" procNo="1" source="/opt/data/jtreacy">
      <PeakPickDetails>F1=15.974330ppm, F2=-3.862639ppm, MI=0.10cm, MAXI=10000.00cm, PC=1.000
      </PeakPickDetails>
    </PeakList1DHeader>
    <Peak1D F1="7.468004" intensity="1.700887e-01" type="0"/>
    <Peak1D F1="7.455616" intensity="1.315787e-01" type="0"/>
    <Peak1D F1="7.370676" intensity="1.291007e-01" type="0"/>
    <Peak1D F1="7.365420" intensity="1.285648e-01" type="0"/>
    <Peak1D F1="7.364042" intensity="1.313692e-01" type="0"/>
    <Peak1D F1="7.358746" intensity="1.037433e-01" type="0"/>
    <Peak1D F1="7.357299" intensity="1.020370e-01" type="0"/>
    <Peak1D F1="7.352090" intensity="1.013428e-01" type="0"/>
    <Peak1D F1="7.228024" intensity="1.225424e-01" type="0"/>
    <Peak1D F1="7.215533" intensity="2.065416e-01" type="0"/>
    <Peak1D F1="7.203054" intensity="1.061355e-01" type="0"/>
    <Peak1D F1="5.252285" intensity="1.595449e-01" type="0"/>
    <Peak1D F1="5.241612" intensity="2.984883e+00" type="0"/>
    <Peak1D F1="5.239901" intensity="3.384715e+00" type="0"/>
    <Peak1D F1="5.238204" intensity="3.046310e+00" type="0"/>
    <Peak1D F1="2.804515" intensity="1.235797e-01" type="0"/>
    <Peak1D F1="2.791090" intensity="1.276347e-01" type="0"/>
    <Peak1D F1="2.537230" intensity="4.527590e+00" type="0"/>
    <Peak1D F1="2.029686" intensity="1.108398e-01" type="0"/>
    <Peak1D F1="2.018681" intensity="1.487792e-01" type="0"/>
    <Peak1D F1="2.005188" intensity="1.188640e-01" type="0"/>
    <Peak1D F1="1.792459" intensity="2.106057e-01" type="0"/>
    <Peak1D F1="1.788658" intensity="2.399998e-01" type="0"/>
    <Peak1D F1="1.782124" intensity="1.953260e-01" type="0"/>
    <Peak1D F1="1.777324" intensity="2.011513e-01" type="0"/>
    <Peak1D F1="1.770106" intensity="1.506216e-01" type="0"/>
    <Peak1D F1="1.767476" intensity="1.664618e-01" type="0"/>
    <Peak1D F1="1.762732" intensity="1.020478e-01" type="0"/>
    <Peak1D F1="1.637315" intensity="1.138109e-01" type="0"/>
    <Peak1D F1="1.626332" intensity="2.050464e-01" type="0"/>
    <Peak1D F1="1.618698" intensity="1.913607e-01" type="0"/>
    <Peak1D F1="1.615788" intensity="2.048099e-01" type="0"/>
    <Peak1D F1="1.611909" intensity="2.277878e-01" type="0"/>
    <Peak1D F1="1.605984" intensity="2.302543e-01" type="0"/>
    <Peak1D F1="1.600205" intensity="1.526518e-01" type="0"/>
    <Peak1D F1="1.594766" intensity="1.161546e-01" type="0"/>
    <Peak1D F1="1.473876" intensity="1.702391e-01" type="0"/>
    <Peak1D F1="1.454512" intensity="1.500000e+01" type="0"/>
    <Peak1D F1="1.441554" intensity="1.818092e-01" type="0"/>
    <Peak1D F1="1.438560" intensity="1.833028e-01" type="0"/>
    <Peak1D F1="1.359383" intensity="1.163469e-01" type="0"/>
    <Peak1D F1="-0.000153" intensity="2.698141e-01" type="0"/>
  </PeakList1D>
</PeakList>
