<?xml version="1.0" encoding="UTF-8"?>
<PeakList>
  <PeakList1D>
    <PeakList1DHeader creator="jtreacy" date="2024-02-28T17:44:24.816-08:00" expNo="10" name="BT-4-99" owner="" procNo="1" source="/opt/data/jtreacy">
      <PeakPickDetails>F1=15.974490ppm, F2=-3.862479ppm, MI=0.10cm, MAXI=10000.00cm, PC=1.000
      </PeakPickDetails>
    </PeakList1DHeader>
    <Peak1D F1="7.637521" intensity="1.415382e-01" type="0"/>
    <Peak1D F1="7.625973" intensity="2.763419e-01" type="0"/>
    <Peak1D F1="7.612844" intensity="1.510711e-01" type="0"/>
    <Peak1D F1="7.578939" intensity="1.350018e-01" type="0"/>
    <Peak1D F1="7.570998" intensity="1.423590e-01" type="0"/>
    <Peak1D F1="7.565395" intensity="1.973572e-01" type="0"/>
    <Peak1D F1="7.557586" intensity="1.933507e-01" type="0"/>
    <Peak1D F1="7.512640" intensity="1.718634e-01" type="0"/>
    <Peak1D F1="7.500359" intensity="2.580363e-01" type="0"/>
    <Peak1D F1="7.487164" intensity="1.283146e-01" type="0"/>
    <Peak1D F1="7.160697" intensity="1.592936e-01" type="0"/>
    <Peak1D F1="7.147894" intensity="2.702701e-01" type="0"/>
    <Peak1D F1="7.135653" intensity="1.456807e-01" type="0"/>
    <Peak1D F1="5.252285" intensity="5.982784e-01" type="0"/>
    <Peak1D F1="5.239941" intensity="6.221608e+00" type="0"/>
    <Peak1D F1="5.238573" intensity="5.694370e+00" type="0"/>
    <Peak1D F1="3.751768" intensity="8.065172e-01" type="0"/>
    <Peak1D F1="3.740039" intensity="1.518210e+00" type="0"/>
    <Peak1D F1="3.728348" intensity="8.362499e-01" type="0"/>
    <Peak1D F1="2.286836" intensity="1.028257e-01" type="0"/>
    <Peak1D F1="2.275169" intensity="3.739017e-01" type="0"/>
    <Peak1D F1="2.263361" intensity="5.178025e-01" type="0"/>
    <Peak1D F1="2.251728" intensity="3.607534e-01" type="0"/>
    <Peak1D F1="2.129031" intensity="5.137976e-01" type="0"/>
    <Peak1D F1="2.119111" intensity="4.897265e-01" type="0"/>
    <Peak1D F1="2.109055" intensity="7.050486e-01" type="0"/>
    <Peak1D F1="2.014477" intensity="6.048615e-01" type="0"/>
    <Peak1D F1="2.009805" intensity="6.484216e-01" type="0"/>
    <Peak1D F1="2.004742" intensity="6.314232e-01" type="0"/>
    <Peak1D F1="2.000209" intensity="5.622500e-01" type="0"/>
    <Peak1D F1="1.994828" intensity="4.801672e-01" type="0"/>
    <Peak1D F1="1.989775" intensity="4.668913e-01" type="0"/>
    <Peak1D F1="1.984791" intensity="4.299120e-01" type="0"/>
    <Peak1D F1="1.901035" intensity="1.129896e+00" type="0"/>
    <Peak1D F1="1.897705" intensity="1.124954e+00" type="0"/>
    <Peak1D F1="1.604338" intensity="3.221686e+00" type="0"/>
    <Peak1D F1="1.453812" intensity="1.500000e+01" type="0"/>
    <Peak1D F1="1.182002" intensity="1.053940e-01" type="0"/>
    <Peak1D F1="-0.000154" intensity="6.240910e+00" type="0"/>
  </PeakList1D>
</PeakList>
