<?xml version="1.0" encoding="UTF-8"?>
<PeakList>
  <PeakList1D>
    <PeakList1DHeader creator="schanger" date="2022-05-14T15:40:13.565-07:00" expNo="51" name="May14-2022-maynard" owner="" procNo="1" source="/opt/data/maynard">
      <PeakPickDetails>F1=240.483002ppm, F2=-10.504276ppm, MI=0.00cm, MAXI=10000.00cm, PC=1.400
      </PeakPickDetails>
    </PeakList1DHeader>
    <Peak1D F1="154.993378" intensity="8.767802e-01" type="0"/>
    <Peak1D F1="140.223083" intensity="6.766906e+00" type="0"/>
    <Peak1D F1="129.081543" intensity="7.482849e+00" type="0"/>
    <Peak1D F1="125.014008" intensity="4.796001e+00" type="0"/>
    <Peak1D F1="120.505356" intensity="4.990106e+00" type="0"/>
    <Peak1D F1="97.167191" intensity="6.520457e-01" type="0"/>
    <Peak1D F1="77.369164" intensity="9.956548e+00" type="0"/>
    <Peak1D F1="77.051788" intensity="1.009272e+01" type="0"/>
    <Peak1D F1="76.734123" intensity="1.022346e+01" type="0"/>
    <Peak1D F1="45.015678" intensity="1.500000e+01" type="0"/>
  </PeakList1D>
</PeakList>
