<?xml version="1.0" encoding="UTF-8"?>
<PeakList>
  <PeakList1D>
    <PeakList1DHeader creator="jtreacy" date="2024-03-12T18:28:41.038-07:00" expNo="10" name="Mar12-2024-jtreacy" owner="" procNo="1" source="/opt">
      <PeakPickDetails>F1=15.988ppm, F2=-3.988ppm, MI=0.05cm, MAXI=10000.00cm, PC=1.400
      </PeakPickDetails>
    </PeakList1DHeader>
    <Peak1D F1="7.3572" intensity="0.07" type="0"/>
    <Peak1D F1="7.3405" intensity="0.96" type="0"/>
    <Peak1D F1="7.3352" intensity="1.08" type="0"/>
    <Peak1D F1="7.3302" intensity="1.02" type="0"/>
    <Peak1D F1="7.3249" intensity="1.07" type="0"/>
    <Peak1D F1="7.3153" intensity="1.10" type="0"/>
    <Peak1D F1="7.3100" intensity="1.19" type="0"/>
    <Peak1D F1="7.3049" intensity="1.10" type="0"/>
    <Peak1D F1="7.2996" intensity="1.12" type="0"/>
    <Peak1D F1="7.2206" intensity="0.85" type="0"/>
    <Peak1D F1="7.2154" intensity="0.85" type="0"/>
    <Peak1D F1="7.1919" intensity="1.77" type="0"/>
    <Peak1D F1="7.1684" intensity="1.03" type="0"/>
    <Peak1D F1="7.1643" intensity="0.96" type="0"/>
    <Peak1D F1="6.7753" intensity="1.18" type="0"/>
    <Peak1D F1="6.7715" intensity="1.22" type="0"/>
    <Peak1D F1="6.7506" intensity="1.88" type="0"/>
    <Peak1D F1="6.7472" intensity="1.94" type="0"/>
    <Peak1D F1="6.7264" intensity="1.00" type="0"/>
    <Peak1D F1="6.7225" intensity="0.99" type="0"/>
    <Peak1D F1="6.4817" intensity="1.06" type="0"/>
    <Peak1D F1="6.4783" intensity="1.07" type="0"/>
    <Peak1D F1="6.4664" intensity="1.08" type="0"/>
    <Peak1D F1="6.4629" intensity="1.08" type="0"/>
    <Peak1D F1="6.4543" intensity="1.02" type="0"/>
    <Peak1D F1="6.4509" intensity="0.98" type="0"/>
    <Peak1D F1="6.4389" intensity="0.99" type="0"/>
    <Peak1D F1="6.4355" intensity="0.96" type="0"/>
    <Peak1D F1="5.6488" intensity="0.09" type="0"/>
    <Peak1D F1="5.3675" intensity="2.23" type="0"/>
    <Peak1D F1="5.3587" intensity="11.93" type="0"/>
    <Peak1D F1="5.3551" intensity="12.79" type="0"/>
    <Peak1D F1="5.3515" intensity="11.74" type="0"/>
    <Peak1D F1="5.0559" intensity="0.09" type="0"/>
    <Peak1D F1="4.3006" intensity="0.06" type="0"/>
    <Peak1D F1="4.1161" intensity="0.09" type="0"/>
    <Peak1D F1="4.0855" intensity="6.02" type="0"/>
    <Peak1D F1="4.0616" intensity="9.71" type="0"/>
    <Peak1D F1="4.0374" intensity="6.36" type="0"/>
    <Peak1D F1="3.9095" intensity="0.06" type="0"/>
    <Peak1D F1="3.8153" intensity="0.05" type="0"/>
    <Peak1D F1="3.7300" intensity="0.07" type="0"/>
    <Peak1D F1="3.7084" intensity="0.13" type="0"/>
    <Peak1D F1="3.6827" intensity="0.07" type="0"/>
    <Peak1D F1="3.2823" intensity="0.06" type="0"/>
    <Peak1D F1="3.2633" intensity="0.08" type="0"/>
    <Peak1D F1="2.2908" intensity="0.76" type="0"/>
    <Peak1D F1="2.2668" intensity="2.38" type="0"/>
    <Peak1D F1="2.2424" intensity="3.12" type="0"/>
    <Peak1D F1="2.2185" intensity="2.14" type="0"/>
    <Peak1D F1="2.1948" intensity="0.70" type="0"/>
    <Peak1D F1="2.1550" intensity="0.36" type="0"/>
    <Peak1D F1="2.1179" intensity="0.09" type="0"/>
    <Peak1D F1="2.0958" intensity="0.12" type="0"/>
    <Peak1D F1="2.0744" intensity="0.12" type="0"/>
    <Peak1D F1="2.0085" intensity="0.46" type="0"/>
    <Peak1D F1="1.9877" intensity="0.09" type="0"/>
    <Peak1D F1="1.9398" intensity="1.02" type="0"/>
    <Peak1D F1="1.9332" intensity="1.05" type="0"/>
    <Peak1D F1="1.9234" intensity="0.97" type="0"/>
    <Peak1D F1="1.9078" intensity="1.69" type="0"/>
    <Peak1D F1="1.8977" intensity="2.03" type="0"/>
    <Peak1D F1="1.8783" intensity="1.61" type="0"/>
    <Peak1D F1="1.8683" intensity="1.83" type="0"/>
    <Peak1D F1="1.8614" intensity="1.64" type="0"/>
    <Peak1D F1="1.8399" intensity="0.65" type="0"/>
    <Peak1D F1="1.8295" intensity="1.24" type="0"/>
    <Peak1D F1="1.8228" intensity="1.41" type="0"/>
    <Peak1D F1="1.8189" intensity="1.31" type="0"/>
    <Peak1D F1="1.8124" intensity="1.28" type="0"/>
    <Peak1D F1="1.8073" intensity="1.18" type="0"/>
    <Peak1D F1="1.7904" intensity="0.80" type="0"/>
    <Peak1D F1="1.7665" intensity="1.47" type="0"/>
    <Peak1D F1="1.7606" intensity="1.37" type="0"/>
    <Peak1D F1="1.6893" intensity="2.22" type="0"/>
    <Peak1D F1="1.6708" intensity="2.45" type="0"/>
    <Peak1D F1="1.6654" intensity="2.53" type="0"/>
    <Peak1D F1="1.5759" intensity="15.00" type="0"/>
    <Peak1D F1="1.5422" intensity="1.38" type="0"/>
    <Peak1D F1="1.3934" intensity="0.39" type="0"/>
    <Peak1D F1="1.3818" intensity="0.31" type="0"/>
    <Peak1D F1="1.3620" intensity="0.87" type="0"/>
    <Peak1D F1="1.3523" intensity="1.16" type="0"/>
    <Peak1D F1="1.3428" intensity="0.72" type="0"/>
    <Peak1D F1="1.3212" intensity="1.34" type="0"/>
    <Peak1D F1="1.3117" intensity="1.91" type="0"/>
    <Peak1D F1="1.2997" intensity="2.61" type="0"/>
    <Peak1D F1="1.2703" intensity="1.88" type="0"/>
    <Peak1D F1="1.2632" intensity="1.76" type="0"/>
    <Peak1D F1="1.2533" intensity="1.86" type="0"/>
    <Peak1D F1="1.2393" intensity="1.71" type="0"/>
    <Peak1D F1="1.2217" intensity="3.74" type="0"/>
    <Peak1D F1="1.2133" intensity="3.44" type="0"/>
    <Peak1D F1="1.2016" intensity="1.99" type="0"/>
    <Peak1D F1="1.1905" intensity="2.77" type="0"/>
    <Peak1D F1="1.1868" intensity="2.74" type="0"/>
    <Peak1D F1="1.1815" intensity="2.95" type="0"/>
    <Peak1D F1="1.1730" intensity="1.43" type="0"/>
    <Peak1D F1="1.1611" intensity="0.92" type="0"/>
    <Peak1D F1="1.1516" intensity="1.13" type="0"/>
    <Peak1D F1="1.1412" intensity="0.84" type="0"/>
    <Peak1D F1="1.1119" intensity="0.54" type="0"/>
    <Peak1D F1="1.1008" intensity="0.69" type="0"/>
    <Peak1D F1="1.0857" intensity="0.58" type="0"/>
    <Peak1D F1="1.0582" intensity="1.07" type="0"/>
    <Peak1D F1="1.0453" intensity="0.96" type="0"/>
    <Peak1D F1="1.0306" intensity="0.69" type="0"/>
    <Peak1D F1="1.0195" intensity="0.84" type="0"/>
    <Peak1D F1="1.0029" intensity="0.69" type="0"/>
    <Peak1D F1="0.9890" intensity="0.31" type="0"/>
    <Peak1D F1="0.9791" intensity="0.33" type="0"/>
    <Peak1D F1="0.9627" intensity="0.25" type="0"/>
    <Peak1D F1="0.9162" intensity="0.24" type="0"/>
    <Peak1D F1="0.8927" intensity="0.19" type="0"/>
    <Peak1D F1="0.1165" intensity="0.43" type="0"/>
  </PeakList1D>
</PeakList>
