<?xml version="1.0" encoding="UTF-8"?>
<PeakList>
  <PeakList1D>
    <PeakList1DHeader creator="jtreacy" date="2024-02-07T13:11:06.049-08:00" expNo="10" name="BT-4-81_A3" owner="" procNo="1" source="/opt/data/jtreacy">
      <PeakPickDetails>F1=15.973690ppm, F2=-3.863279ppm, MI=0.10cm, MAXI=10000.00cm, PC=1.000
      </PeakPickDetails>
    </PeakList1DHeader>
    <Peak1D F1="7.352535" intensity="5.699357e-01" type="0"/>
    <Peak1D F1="7.340854" intensity="5.823382e-01" type="0"/>
    <Peak1D F1="7.181374" intensity="3.150486e-01" type="0"/>
    <Peak1D F1="7.169291" intensity="6.086397e-01" type="0"/>
    <Peak1D F1="7.157145" intensity="3.828808e-01" type="0"/>
    <Peak1D F1="7.006320" intensity="5.110939e-01" type="0"/>
    <Peak1D F1="6.955647" intensity="3.950408e-01" type="0"/>
    <Peak1D F1="6.943853" intensity="6.466998e-01" type="0"/>
    <Peak1D F1="6.931996" intensity="3.374183e-01" type="0"/>
    <Peak1D F1="5.251426" intensity="2.026344e-01" type="0"/>
    <Peak1D F1="5.240836" intensity="1.469139e+01" type="0"/>
    <Peak1D F1="5.239078" intensity="1.620459e+01" type="0"/>
    <Peak1D F1="5.237321" intensity="1.474537e+01" type="0"/>
    <Peak1D F1="2.649801" intensity="8.026686e+00" type="0"/>
    <Peak1D F1="2.535187" intensity="1.180919e-01" type="0"/>
    <Peak1D F1="2.526163" intensity="1.023975e-01" type="0"/>
    <Peak1D F1="2.502616" intensity="5.081349e-01" type="0"/>
    <Peak1D F1="2.004926" intensity="6.877005e-01" type="0"/>
    <Peak1D F1="1.850030" intensity="6.709122e-01" type="0"/>
    <Peak1D F1="1.842988" intensity="7.008448e-01" type="0"/>
    <Peak1D F1="1.831330" intensity="6.656564e-01" type="0"/>
    <Peak1D F1="1.577108" intensity="7.486145e-01" type="0"/>
    <Peak1D F1="1.567199" intensity="7.639518e-01" type="0"/>
    <Peak1D F1="1.541381" intensity="2.650753e-01" type="0"/>
    <Peak1D F1="1.527687" intensity="3.283961e-01" type="0"/>
    <Peak1D F1="1.514937" intensity="6.307266e-01" type="0"/>
    <Peak1D F1="1.503281" intensity="8.688021e-01" type="0"/>
    <Peak1D F1="1.491242" intensity="9.684900e-01" type="0"/>
    <Peak1D F1="1.458830" intensity="1.500000e+01" type="0"/>
    <Peak1D F1="1.439170" intensity="2.271850e+00" type="0"/>
    <Peak1D F1="1.371201" intensity="5.530769e-01" type="0"/>
    <Peak1D F1="1.359342" intensity="7.701997e-01" type="0"/>
    <Peak1D F1="1.347077" intensity="7.154399e-01" type="0"/>
    <Peak1D F1="1.325965" intensity="3.436107e-01" type="0"/>
    <Peak1D F1="1.181809" intensity="7.537525e-01" type="0"/>
    <Peak1D F1="1.129299" intensity="4.200157e-01" type="0"/>
    <Peak1D F1="1.111169" intensity="7.170810e-01" type="0"/>
    <Peak1D F1="1.094025" intensity="6.328846e-01" type="0"/>
    <Peak1D F1="1.062178" intensity="1.125143e-01" type="0"/>
    <Peak1D F1="0.799077" intensity="1.245553e-01" type="0"/>
    <Peak1D F1="-0.000146" intensity="1.698261e-01" type="0"/>
  </PeakList1D>
</PeakList>
