<?xml version="1.0" encoding="UTF-8"?>
<PeakList>
  <PeakList1D>
    <PeakList1DHeader creator="jtreacy" date="2024-03-06T10:22:59.002-08:00" expNo="10" name="BT-4-101" owner="" procNo="1" source="/opt/data/jtreacy">
      <PeakPickDetails>F1=16.093479ppm, F2=-3.743493ppm, MI=0.10cm, MAXI=10000.00cm, PC=1.000
      </PeakPickDetails>
    </PeakList1DHeader>
    <Peak1D F1="2.374169" intensity="1.749022e-01" type="0"/>
    <Peak1D F1="2.185988" intensity="1.500000e+01" type="0"/>
    <Peak1D F1="2.153457" intensity="1.266553e-01" type="0"/>
    <Peak1D F1="2.010650" intensity="1.306622e-01" type="0"/>
    <Peak1D F1="1.976746" intensity="4.131540e-01" type="0"/>
    <Peak1D F1="1.972627" intensity="7.608858e-01" type="0"/>
    <Peak1D F1="1.968507" intensity="1.067618e+00" type="0"/>
    <Peak1D F1="1.964409" intensity="7.269172e-01" type="0"/>
    <Peak1D F1="1.960271" intensity="3.642205e-01" type="0"/>
    <Peak1D F1="1.755390" intensity="1.018981e-01" type="0"/>
  </PeakList1D>
</PeakList>
