<?xml version="1.0" encoding="UTF-8"?>
<PeakList>
  <PeakList1D>
    <PeakList1DHeader creator="jtreacy" date="2024-07-06T15:10:30.483-07:00" expNo="10" name="BT-4-97_MoreSample" owner="" procNo="1" source="/opt/data/jtreacy">
      <PeakPickDetails>F1=16.093479ppm, F2=-3.743493ppm, MI=0.10cm, MAXI=10000.00cm, PC=1.000
      </PeakPickDetails>
    </PeakList1DHeader>
    <Peak1D F1="7.441851" intensity="2.749366e+00" type="0"/>
    <Peak1D F1="7.439623" intensity="2.693544e+00" type="0"/>
    <Peak1D F1="7.428720" intensity="2.821299e+00" type="0"/>
    <Peak1D F1="7.426498" intensity="2.762736e+00" type="0"/>
    <Peak1D F1="7.285473" intensity="1.809666e+00" type="0"/>
    <Peak1D F1="7.216341" intensity="1.418192e+00" type="0"/>
    <Peak1D F1="7.214024" intensity="1.391835e+00" type="0"/>
    <Peak1D F1="7.202759" intensity="2.656448e+00" type="0"/>
    <Peak1D F1="7.202006" intensity="2.612294e+00" type="0"/>
    <Peak1D F1="7.190739" intensity="1.560561e+00" type="0"/>
    <Peak1D F1="7.188444" intensity="1.462127e+00" type="0"/>
    <Peak1D F1="6.705309" intensity="1.470126e+00" type="0"/>
    <Peak1D F1="6.702966" intensity="1.482852e+00" type="0"/>
    <Peak1D F1="6.692192" intensity="2.560169e+00" type="0"/>
    <Peak1D F1="6.690834" intensity="2.555300e+00" type="0"/>
    <Peak1D F1="6.680076" intensity="1.359657e+00" type="0"/>
    <Peak1D F1="6.677726" intensity="1.337195e+00" type="0"/>
    <Peak1D F1="6.582768" intensity="2.778902e+00" type="0"/>
    <Peak1D F1="6.580750" intensity="2.631503e+00" type="0"/>
    <Peak1D F1="6.569246" intensity="2.672799e+00" type="0"/>
    <Peak1D F1="6.567225" intensity="2.515823e+00" type="0"/>
    <Peak1D F1="4.105007" intensity="9.187764e+00" type="0"/>
    <Peak1D F1="4.092914" intensity="1.500000e+01" type="0"/>
    <Peak1D F1="4.080739" intensity="9.426584e+00" type="0"/>
    <Peak1D F1="2.320288" intensity="1.216452e+00" type="0"/>
    <Peak1D F1="2.308136" intensity="3.748067e+00" type="0"/>
    <Peak1D F1="2.302511" intensity="5.838808e-01" type="0"/>
    <Peak1D F1="2.296017" intensity="5.262791e+00" type="0"/>
    <Peak1D F1="2.289530" intensity="5.624862e-01" type="0"/>
    <Peak1D F1="2.283878" intensity="3.527290e+00" type="0"/>
    <Peak1D F1="2.271750" intensity="1.117872e+00" type="0"/>
    <Peak1D F1="1.597633" intensity="1.960964e-01" type="0"/>
  </PeakList1D>
</PeakList>
