<?xml version="1.0" encoding="UTF-8"?>
<PeakList>
  <PeakList1D>
    <PeakList1DHeader creator="jtreacy" date="2024-02-28T15:26:55.579-08:00" expNo="10" name="Feb28-2024-jtreacy" owner="" procNo="1" source="/opt">
      <PeakPickDetails>F1=15.988ppm, F2=-3.988ppm, MI=0.05cm, MAXI=10000.00cm, PC=1.400
      </PeakPickDetails>
    </PeakList1DHeader>
    <Peak1D F1="7.5980" intensity="0.06" type="0"/>
    <Peak1D F1="7.5727" intensity="0.06" type="0"/>
    <Peak1D F1="7.2109" intensity="0.06" type="0"/>
    <Peak1D F1="6.7271" intensity="0.07" type="0"/>
    <Peak1D F1="5.3680" intensity="0.17" type="0"/>
    <Peak1D F1="5.3593" intensity="3.61" type="0"/>
    <Peak1D F1="5.3558" intensity="4.06" type="0"/>
    <Peak1D F1="5.3521" intensity="3.76" type="0"/>
    <Peak1D F1="4.1151" intensity="0.21" type="0"/>
    <Peak1D F1="4.0912" intensity="0.34" type="0"/>
    <Peak1D F1="4.0669" intensity="0.22" type="0"/>
    <Peak1D F1="2.2367" intensity="0.08" type="0"/>
    <Peak1D F1="2.2126" intensity="0.11" type="0"/>
    <Peak1D F1="2.1885" intensity="0.08" type="0"/>
    <Peak1D F1="2.0253" intensity="0.10" type="0"/>
    <Peak1D F1="1.9850" intensity="0.20" type="0"/>
    <Peak1D F1="1.9152" intensity="0.45" type="0"/>
    <Peak1D F1="1.7097" intensity="0.73" type="0"/>
    <Peak1D F1="1.5663" intensity="15.00" type="0"/>
    <Peak1D F1="1.2992" intensity="0.05" type="0"/>
  </PeakList1D>
</PeakList>
