<?xml version="1.0" encoding="UTF-8"?>
<PeakList>
  <PeakList1D>
    <PeakList1DHeader creator="schanger" date="2021-08-09T23:57:04.148-07:00" expNo="60" name="Aug09-2021-maynard" owner="" procNo="1" source="/opt/data/maynard">
      <PeakPickDetails>F1=15.966860ppm, F2=-4.058682ppm, MI=0.00cm, MAXI=10000.00cm, PC=1.000
      </PeakPickDetails>
    </PeakList1DHeader>
    <Peak1D F1="14.167419" intensity="6.177897e-04" type="0"/>
    <Peak1D F1="13.884583" intensity="5.399367e-04" type="0"/>
    <Peak1D F1="13.312113" intensity="5.395920e-04" type="0"/>
    <Peak1D F1="11.330666" intensity="6.106426e-04" type="0"/>
    <Peak1D F1="9.730679" intensity="5.908306e-03" type="0"/>
    <Peak1D F1="8.147385" intensity="5.760056e-04" type="0"/>
    <Peak1D F1="8.100538" intensity="6.559909e-04" type="0"/>
    <Peak1D F1="8.058428" intensity="4.993860e-03" type="0"/>
    <Peak1D F1="8.054558" intensity="5.004188e-03" type="0"/>
    <Peak1D F1="8.038893" intensity="5.144233e-03" type="0"/>
    <Peak1D F1="8.035061" intensity="4.929890e-03" type="0"/>
    <Peak1D F1="8.024220" intensity="7.741203e-04" type="0"/>
    <Peak1D F1="7.993046" intensity="7.243475e-04" type="0"/>
    <Peak1D F1="7.984343" intensity="6.124315e-04" type="0"/>
    <Peak1D F1="7.970976" intensity="7.268455e-04" type="0"/>
    <Peak1D F1="7.954237" intensity="1.577795e-03" type="0"/>
    <Peak1D F1="7.935023" intensity="1.721328e-03" type="0"/>
    <Peak1D F1="7.931550" intensity="1.691793e-03" type="0"/>
    <Peak1D F1="7.925394" intensity="1.584415e-03" type="0"/>
    <Peak1D F1="7.904912" intensity="2.308634e-03" type="0"/>
    <Peak1D F1="7.901086" intensity="2.333826e-03" type="0"/>
    <Peak1D F1="7.854595" intensity="9.089168e-01" type="0"/>
    <Peak1D F1="7.850821" intensity="8.823640e-01" type="0"/>
    <Peak1D F1="7.835011" intensity="9.520177e-01" type="0"/>
    <Peak1D F1="7.831234" intensity="9.120930e-01" type="0"/>
    <Peak1D F1="7.822611" intensity="3.696104e-02" type="0"/>
    <Peak1D F1="7.811088" intensity="1.438576e-02" type="0"/>
    <Peak1D F1="7.768085" intensity="6.175600e-03" type="0"/>
    <Peak1D F1="7.764227" intensity="5.461123e-03" type="0"/>
    <Peak1D F1="7.759434" intensity="5.854384e-03" type="0"/>
    <Peak1D F1="7.755527" intensity="5.786822e-03" type="0"/>
    <Peak1D F1="7.748490" intensity="4.904289e-03" type="0"/>
    <Peak1D F1="7.744723" intensity="5.139133e-03" type="0"/>
    <Peak1D F1="7.740213" intensity="4.842792e-03" type="0"/>
    <Peak1D F1="7.706289" intensity="1.560906e-03" type="0"/>
    <Peak1D F1="7.687024" intensity="1.240071e-03" type="0"/>
    <Peak1D F1="7.675424" intensity="8.639266e-04" type="0"/>
    <Peak1D F1="7.647078" intensity="5.248470e-03" type="0"/>
    <Peak1D F1="7.643305" intensity="5.144621e-03" type="0"/>
    <Peak1D F1="7.627468" intensity="5.746036e-03" type="0"/>
    <Peak1D F1="7.623601" intensity="4.992535e-03" type="0"/>
    <Peak1D F1="7.597565" intensity="6.790705e-04" type="0"/>
    <Peak1D F1="7.551709" intensity="6.562621e-04" type="0"/>
    <Peak1D F1="7.528487" intensity="2.763523e-03" type="0"/>
    <Peak1D F1="7.524848" intensity="2.760087e-03" type="0"/>
    <Peak1D F1="7.517018" intensity="3.449359e-03" type="0"/>
    <Peak1D F1="7.508543" intensity="4.139612e-03" type="0"/>
    <Peak1D F1="7.490426" intensity="3.194201e-03" type="0"/>
    <Peak1D F1="7.486553" intensity="2.996450e-03" type="0"/>
    <Peak1D F1="7.434412" intensity="1.372025e-03" type="0"/>
    <Peak1D F1="7.404219" intensity="1.395379e-03" type="0"/>
    <Peak1D F1="7.392875" intensity="1.526314e-03" type="0"/>
    <Peak1D F1="7.380868" intensity="2.074629e-03" type="0"/>
    <Peak1D F1="7.341117" intensity="1.104311e-02" type="0"/>
    <Peak1D F1="7.330570" intensity="4.360177e-01" type="0"/>
    <Peak1D F1="7.326777" intensity="4.192458e-01" type="0"/>
    <Peak1D F1="7.312303" intensity="5.968569e-01" type="0"/>
    <Peak1D F1="7.310583" intensity="6.968264e-01" type="0"/>
    <Peak1D F1="7.308654" intensity="6.338094e-01" type="0"/>
    <Peak1D F1="7.306865" intensity="5.964944e-01" type="0"/>
    <Peak1D F1="7.299494" intensity="5.986744e-02" type="0"/>
    <Peak1D F1="7.292420" intensity="5.746970e-01" type="0"/>
    <Peak1D F1="7.288624" intensity="5.395385e-01" type="0"/>
    <Peak1D F1="7.278259" intensity="2.331892e-02" type="0"/>
    <Peak1D F1="7.267914" intensity="1.471721e-02" type="0"/>
    <Peak1D F1="7.258200" intensity="5.500009e-01" type="0"/>
    <Peak1D F1="7.215052" intensity="7.312735e-03" type="0"/>
    <Peak1D F1="7.195034" intensity="5.559862e-03" type="0"/>
    <Peak1D F1="7.107641" intensity="4.980858e-01" type="0"/>
    <Peak1D F1="7.105683" intensity="4.945711e-01" type="0"/>
    <Peak1D F1="7.087756" intensity="4.252154e-01" type="0"/>
    <Peak1D F1="7.011879" intensity="6.278608e-03" type="0"/>
    <Peak1D F1="6.994371" intensity="9.747025e-03" type="0"/>
    <Peak1D F1="6.989612" intensity="6.928679e-03" type="0"/>
    <Peak1D F1="6.985775" intensity="5.867814e-03" type="0"/>
    <Peak1D F1="6.971114" intensity="5.666925e-03" type="0"/>
    <Peak1D F1="6.967421" intensity="5.152617e-03" type="0"/>
    <Peak1D F1="6.951637" intensity="3.442587e-03" type="0"/>
    <Peak1D F1="6.948091" intensity="3.112343e-03" type="0"/>
    <Peak1D F1="6.905117" intensity="3.608440e-03" type="0"/>
    <Peak1D F1="6.885379" intensity="3.413802e-03" type="0"/>
    <Peak1D F1="6.858232" intensity="1.436091e-03" type="0"/>
    <Peak1D F1="6.836921" intensity="1.948502e-03" type="0"/>
    <Peak1D F1="6.788718" intensity="4.711885e-01" type="0"/>
    <Peak1D F1="6.784900" intensity="4.459710e-01" type="0"/>
    <Peak1D F1="6.769369" intensity="6.777538e-01" type="0"/>
    <Peak1D F1="6.766590" intensity="6.353004e-01" type="0"/>
    <Peak1D F1="6.751004" intensity="4.372452e-01" type="0"/>
    <Peak1D F1="6.747182" intensity="4.060417e-01" type="0"/>
    <Peak1D F1="6.690056" intensity="5.342731e-03" type="0"/>
    <Peak1D F1="6.674127" intensity="4.855050e-03" type="0"/>
    <Peak1D F1="6.655665" intensity="2.805389e-03" type="0"/>
    <Peak1D F1="6.621802" intensity="8.089433e-04" type="0"/>
    <Peak1D F1="6.584153" intensity="2.139669e-03" type="0"/>
    <Peak1D F1="6.580259" intensity="2.153788e-03" type="0"/>
    <Peak1D F1="6.564661" intensity="3.640399e-03" type="0"/>
    <Peak1D F1="6.561817" intensity="3.324703e-03" type="0"/>
    <Peak1D F1="6.546261" intensity="2.178644e-03" type="0"/>
    <Peak1D F1="6.542397" intensity="1.863968e-03" type="0"/>
    <Peak1D F1="5.295902" intensity="1.730126e-03" type="0"/>
    <Peak1D F1="5.137045" intensity="1.229642e-03" type="0"/>
    <Peak1D F1="5.009427" intensity="2.946832e-03" type="0"/>
    <Peak1D F1="4.497067" intensity="6.895713e-04" type="0"/>
    <Peak1D F1="4.345455" intensity="5.428219e-04" type="0"/>
    <Peak1D F1="4.319757" intensity="5.954327e-04" type="0"/>
    <Peak1D F1="4.242850" intensity="6.272257e-04" type="0"/>
    <Peak1D F1="4.214897" intensity="5.530989e-04" type="0"/>
    <Peak1D F1="4.186847" intensity="5.978377e-04" type="0"/>
    <Peak1D F1="4.132240" intensity="7.026320e-04" type="0"/>
    <Peak1D F1="4.076963" intensity="7.096008e-04" type="0"/>
    <Peak1D F1="4.065208" intensity="6.667015e-04" type="0"/>
    <Peak1D F1="4.038661" intensity="5.989377e-04" type="0"/>
    <Peak1D F1="4.004530" intensity="6.742172e-04" type="0"/>
    <Peak1D F1="3.982724" intensity="7.163030e-04" type="0"/>
    <Peak1D F1="3.968968" intensity="6.748845e-04" type="0"/>
    <Peak1D F1="3.930816" intensity="6.541730e-04" type="0"/>
    <Peak1D F1="3.915745" intensity="6.337466e-04" type="0"/>
    <Peak1D F1="3.884758" intensity="6.106464e-04" type="0"/>
    <Peak1D F1="3.865505" intensity="7.383625e-04" type="0"/>
    <Peak1D F1="3.859512" intensity="6.810227e-04" type="0"/>
    <Peak1D F1="3.836914" intensity="7.131969e-04" type="0"/>
    <Peak1D F1="3.780369" intensity="8.911902e-04" type="0"/>
    <Peak1D F1="3.756794" intensity="7.029771e-04" type="0"/>
    <Peak1D F1="3.731185" intensity="7.680474e-04" type="0"/>
    <Peak1D F1="3.699003" intensity="7.903688e-04" type="0"/>
    <Peak1D F1="3.663665" intensity="8.826442e-04" type="0"/>
    <Peak1D F1="3.640035" intensity="9.665860e-04" type="0"/>
    <Peak1D F1="3.627315" intensity="1.049202e-03" type="0"/>
    <Peak1D F1="3.619999" intensity="9.059687e-04" type="0"/>
    <Peak1D F1="3.602615" intensity="8.007198e-04" type="0"/>
    <Peak1D F1="3.589271" intensity="8.302182e-04" type="0"/>
    <Peak1D F1="3.576660" intensity="8.542492e-04" type="0"/>
    <Peak1D F1="3.557982" intensity="8.225851e-04" type="0"/>
    <Peak1D F1="3.525057" intensity="9.094998e-04" type="0"/>
    <Peak1D F1="3.488681" intensity="1.272852e-03" type="0"/>
    <Peak1D F1="3.472921" intensity="1.009464e-03" type="0"/>
    <Peak1D F1="3.448384" intensity="1.014885e-03" type="0"/>
    <Peak1D F1="3.425746" intensity="1.495580e-03" type="0"/>
    <Peak1D F1="3.369943" intensity="1.192894e-03" type="0"/>
    <Peak1D F1="3.321260" intensity="1.263456e-03" type="0"/>
    <Peak1D F1="3.299592" intensity="6.691385e-03" type="0"/>
    <Peak1D F1="3.261885" intensity="1.443197e-03" type="0"/>
    <Peak1D F1="3.234957" intensity="1.304986e-03" type="0"/>
    <Peak1D F1="3.227579" intensity="1.464486e-03" type="0"/>
    <Peak1D F1="3.204455" intensity="1.485466e-03" type="0"/>
    <Peak1D F1="3.179888" intensity="1.532995e-03" type="0"/>
    <Peak1D F1="3.173607" intensity="1.562754e-03" type="0"/>
    <Peak1D F1="3.166195" intensity="1.685304e-03" type="0"/>
    <Peak1D F1="3.115740" intensity="1.921810e-03" type="0"/>
    <Peak1D F1="3.061077" intensity="2.094703e-03" type="0"/>
    <Peak1D F1="2.966059" intensity="3.832901e-03" type="0"/>
    <Peak1D F1="2.933128" intensity="6.084053e-02" type="0"/>
    <Peak1D F1="2.900518" intensity="5.492657e-03" type="0"/>
    <Peak1D F1="2.866362" intensity="1.958862e-02" type="0"/>
    <Peak1D F1="2.855231" intensity="1.024224e-02" type="0"/>
    <Peak1D F1="2.845017" intensity="3.570484e-02" type="0"/>
    <Peak1D F1="2.840273" intensity="2.091849e-02" type="0"/>
    <Peak1D F1="2.833033" intensity="1.490037e-02" type="0"/>
    <Peak1D F1="2.827786" intensity="1.659176e-02" type="0"/>
    <Peak1D F1="2.824546" intensity="1.692007e-02" type="0"/>
    <Peak1D F1="2.816474" intensity="2.902685e-02" type="0"/>
    <Peak1D F1="2.810285" intensity="2.883724e-02" type="0"/>
    <Peak1D F1="2.806140" intensity="3.212395e-02" type="0"/>
    <Peak1D F1="2.766407" intensity="1.500000e+01" type="0"/>
    <Peak1D F1="2.732885" intensity="9.660170e-02" type="0"/>
    <Peak1D F1="2.724529" intensity="5.022245e-02" type="0"/>
    <Peak1D F1="2.703270" intensity="3.712474e-02" type="0"/>
    <Peak1D F1="2.686027" intensity="2.439635e-02" type="0"/>
    <Peak1D F1="2.671429" intensity="5.090146e-02" type="0"/>
    <Peak1D F1="2.621024" intensity="5.686328e-03" type="0"/>
    <Peak1D F1="2.595634" intensity="5.910857e-02" type="0"/>
    <Peak1D F1="2.170378" intensity="3.388183e-01" type="0"/>
    <Peak1D F1="2.162736" intensity="5.548665e-03" type="0"/>
    <Peak1D F1="2.009095" intensity="1.042286e-03" type="0"/>
    <Peak1D F1="1.908105" intensity="6.369877e-04" type="0"/>
    <Peak1D F1="1.889398" intensity="9.238333e-04" type="0"/>
    <Peak1D F1="1.856810" intensity="9.589089e-04" type="0"/>
    <Peak1D F1="1.820816" intensity="1.248631e-03" type="0"/>
    <Peak1D F1="1.704714" intensity="3.253385e-03" type="0"/>
    <Peak1D F1="1.669152" intensity="4.479025e-03" type="0"/>
    <Peak1D F1="1.666334" intensity="4.696969e-03" type="0"/>
    <Peak1D F1="1.637583" intensity="5.831489e-03" type="0"/>
    <Peak1D F1="1.622666" intensity="5.993199e-03" type="0"/>
    <Peak1D F1="1.612965" intensity="6.147240e-03" type="0"/>
    <Peak1D F1="1.547132" intensity="4.622726e-03" type="0"/>
    <Peak1D F1="1.530004" intensity="4.178447e-03" type="0"/>
    <Peak1D F1="1.511048" intensity="3.288537e-03" type="0"/>
    <Peak1D F1="1.451543" intensity="2.195198e-03" type="0"/>
    <Peak1D F1="1.434610" intensity="6.615923e-03" type="0"/>
    <Peak1D F1="1.422753" intensity="1.740323e-03" type="0"/>
    <Peak1D F1="1.397967" intensity="1.244155e-03" type="0"/>
    <Peak1D F1="1.320573" intensity="1.228848e-03" type="0"/>
    <Peak1D F1="1.305433" intensity="1.758044e-03" type="0"/>
    <Peak1D F1="1.256887" intensity="5.082778e-03" type="0"/>
    <Peak1D F1="1.207543" intensity="6.345655e-04" type="0"/>
    <Peak1D F1="1.108918" intensity="5.477815e-04" type="0"/>
    <Peak1D F1="0.977128" intensity="2.066457e-03" type="0"/>
    <Peak1D F1="0.960437" intensity="1.862814e-03" type="0"/>
    <Peak1D F1="0.903252" intensity="2.297580e-03" type="0"/>
    <Peak1D F1="0.886384" intensity="6.823126e-03" type="0"/>
    <Peak1D F1="0.877646" intensity="1.592995e-03" type="0"/>
    <Peak1D F1="0.868743" intensity="2.768829e-03" type="0"/>
    <Peak1D F1="0.859211" intensity="2.606606e-03" type="0"/>
    <Peak1D F1="0.853387" intensity="1.428856e-03" type="0"/>
    <Peak1D F1="0.840328" intensity="1.065155e-03" type="0"/>
    <Peak1D F1="0.836838" intensity="1.303298e-03" type="0"/>
    <Peak1D F1="0.829947" intensity="5.418036e-04" type="0"/>
    <Peak1D F1="0.074939" intensity="9.105601e-04" type="0"/>
    <Peak1D F1="0.003302" intensity="7.571592e-04" type="0"/>
    <Peak1D F1="-2.181376" intensity="6.301008e-04" type="0"/>
  </PeakList1D>
</PeakList>
