<?xml version="1.0" encoding="UTF-8"?>
<PeakList>
  <PeakList1D>
    <PeakList1DHeader creator="jtreacy" date="2024-04-24T10:41:19.013-07:00" expNo="10" name="BT-4-140" owner="" procNo="1" source="/opt/data/jtreacy">
      <PeakPickDetails>F1=16.093479ppm, F2=-3.743493ppm, MI=0.10cm, MAXI=10000.00cm, PC=1.000
      </PeakPickDetails>
    </PeakList1DHeader>
    <Peak1D F1="2.230222" intensity="1.500000e+01" type="0"/>
    <Peak1D F1="1.976545" intensity="1.331426e-01" type="0"/>
    <Peak1D F1="1.972442" intensity="2.441978e-01" type="0"/>
    <Peak1D F1="1.968349" intensity="3.487354e-01" type="0"/>
    <Peak1D F1="1.964238" intensity="2.329443e-01" type="0"/>
    <Peak1D F1="1.960143" intensity="1.157366e-01" type="0"/>
  </PeakList1D>
</PeakList>
