<?xml version="1.0" encoding="UTF-8"?>
<PeakList>
  <PeakList1D>
    <PeakList1DHeader creator="jtreacy" date="2024-03-21T12:32:58.106-07:00" expNo="10" name="BT-4-112_Pt2" owner="" procNo="1" source="/opt/data/jtreacy">
      <PeakPickDetails>F1=16.093479ppm, F2=-3.743493ppm, MI=0.10cm, MAXI=10000.00cm, PC=1.000
      </PeakPickDetails>
    </PeakList1DHeader>
    <Peak1D F1="3.456304" intensity="6.944276e-01" type="0"/>
    <Peak1D F1="2.373055" intensity="2.889408e-01" type="0"/>
    <Peak1D F1="2.178984" intensity="1.500000e+01" type="0"/>
    <Peak1D F1="2.147588" intensity="1.443269e-01" type="0"/>
    <Peak1D F1="2.145954" intensity="1.711120e-01" type="0"/>
    <Peak1D F1="2.144305" intensity="1.454972e-01" type="0"/>
    <Peak1D F1="1.976700" intensity="3.974991e-01" type="0"/>
    <Peak1D F1="1.972592" intensity="7.324773e-01" type="0"/>
    <Peak1D F1="1.968480" intensity="1.040243e+00" type="0"/>
    <Peak1D F1="1.964378" intensity="7.011788e-01" type="0"/>
    <Peak1D F1="1.960252" intensity="3.630748e-01" type="0"/>
  </PeakList1D>
</PeakList>
